{
  "timestamp_utc": "2026-06-24T21:12:15.991365+00:00",
  "engine": "zerosearch@HEAD^",
  "docs": 10000,
  "queries": 100000,
  "total_text_chars": 65849295,
  "build_seconds": 34.71175812743604,
  "build_current_bytes_tracemalloc": 58309371,
  "build_peak_bytes_tracemalloc": 382608759,
  "index_serialized_bytes": 104715479,
  "index_packed_array_bytes": 32775141,
  "vocab_terms": 392806,
  "postings": 3462657,
  "search_avg_ms": 0.6938982266373933,
  "search_median_ms": 0.13929791748523712,
  "search_p95_ms": 3.1240638345479965,
  "search_min_ms": 0.001339241862297058,
  "search_max_ms": 47.083351761102676,
  "qps": 1441.133528825928,
  "avg_hits": 9.27234
}
