{
  "timestamp_utc": "2026-06-24T21:13:27.774984+00:00",
  "engine": "zerosearch@HEAD^",
  "docs": 1000,
  "queries": 100,
  "total_text_chars": 9439064,
  "build_seconds": 3.6657088473439217,
  "build_current_bytes_tracemalloc": 10353770,
  "build_peak_bytes_tracemalloc": 57248635,
  "index_serialized_bytes": 15066978,
  "index_packed_array_bytes": 4396528,
  "vocab_terms": 95450,
  "postings": 445636,
  "search_avg_ms": 0.08989552035927773,
  "search_median_ms": 0.04486646503210068,
  "search_p95_ms": 0.3359746187925339,
  "search_min_ms": 0.0019203871488571167,
  "search_max_ms": 0.46202726662158966,
  "qps": 11124.024823521635,
  "avg_hits": 8.89
}
