{
  "timestamp_utc": "2026-06-30T13:19:49.390953+00:00",
  "engine": "zerosearch@4f7c41f",
  "docs": 10000,
  "queries": 100,
  "total_text_chars": 65849295,
  "build_seconds": 8.276747435331345,
  "build_current_bytes_tracemalloc": 58283927,
  "build_peak_bytes_tracemalloc": 354738397,
  "index_serialized_bytes": 104715479,
  "index_packed_array_bytes": 32775141,
  "vocab_terms": 392806,
  "postings": 3462657,
  "search_avg_ms": 0.875299796462059,
  "search_median_ms": 0.14364812523126602,
  "search_p95_ms": 2.692706882953644,
  "search_min_ms": 0.010661780834197998,
  "search_max_ms": 16.524747014045715,
  "qps": 1142.4657060837626,
  "avg_hits": 9.23
}
