{
  "timestamp_utc": "2026-06-24T21:09:31.122014+00:00",
  "engine": "zerosearch@HEAD^",
  "docs": 10000,
  "queries": 100,
  "total_text_chars": 65849295,
  "build_seconds": 29.432866722345352,
  "build_current_bytes_tracemalloc": 58309440,
  "build_peak_bytes_tracemalloc": 382608655,
  "index_serialized_bytes": 104715479,
  "index_packed_array_bytes": 32775141,
  "vocab_terms": 392806,
  "postings": 3462657,
  "search_avg_ms": 0.7075386121869087,
  "search_median_ms": 0.1728227362036705,
  "search_p95_ms": 3.185424953699112,
  "search_min_ms": 0.010419636964797974,
  "search_max_ms": 6.065605208277702,
  "qps": 1413.350427489931,
  "avg_hits": 9.23
}
