{
  "timestamp_utc": "2026-06-30T13:22:51.928292+00:00",
  "engine": "zerosearch@4f7c41f",
  "docs": 10000,
  "queries": 100000,
  "total_text_chars": 65849295,
  "build_seconds": 8.339572552591562,
  "build_current_bytes_tracemalloc": 58284115,
  "build_peak_bytes_tracemalloc": 354738632,
  "index_serialized_bytes": 104715479,
  "index_packed_array_bytes": 32775141,
  "vocab_terms": 392806,
  "postings": 3462657,
  "search_avg_ms": 0.6277701990865171,
  "search_median_ms": 0.13406574726104736,
  "search_p95_ms": 3.066444769501686,
  "search_min_ms": 0.001210719347000122,
  "search_max_ms": 20.146936178207397,
  "qps": 1592.9395843496923,
  "avg_hits": 9.27234
}
