{
  "timestamp_utc": "2026-06-30T13:19:07.040850+00:00",
  "engine": "zerosearch@4f7c41f",
  "docs": 1000,
  "queries": 100,
  "total_text_chars": 9439064,
  "build_seconds": 1.0946382768452168,
  "build_current_bytes_tracemalloc": 10324897,
  "build_peak_bytes_tracemalloc": 53546210,
  "index_serialized_bytes": 15066978,
  "index_packed_array_bytes": 4396528,
  "vocab_terms": 95450,
  "postings": 445636,
  "search_avg_ms": 0.08712323382496834,
  "search_median_ms": 0.03962405025959015,
  "search_p95_ms": 0.3370940685272217,
  "search_min_ms": 0.0018291175365447998,
  "search_max_ms": 0.41705556213855743,
  "qps": 11477.994515320821,
  "avg_hits": 8.89
}
