{
  "timestamp_utc": "2026-06-30T13:16:15.971788+00:00",
  "engine": "zerosearch",
  "docs": 1000,
  "queries": 100,
  "total_text_chars": 9439064,
  "build_seconds": 1.1057750210165977,
  "build_current_bytes_tracemalloc": 17219464,
  "build_peak_bytes_tracemalloc": 62134875,
  "index_serialized_bytes": 15448793,
  "index_packed_array_bytes": 4778328,
  "vocab_terms": 95450,
  "postings": 445636,
  "search_avg_ms": 0.06332578137516975,
  "search_median_ms": 0.0367090106010437,
  "search_p95_ms": 0.22425130009651184,
  "search_min_ms": 0.002732500433921814,
  "search_max_ms": 0.28826482594013214,
  "qps": 15791.356668393251,
  "avg_hits": 8.89
}
