{
  "timestamp_utc": "2026-06-24T21:10:16.574923+00:00",
  "engine": "zerosearch",
  "docs": 10000,
  "queries": 100,
  "total_text_chars": 65849295,
  "build_seconds": 44.549237970262766,
  "build_current_bytes_tracemalloc": 87895292,
  "build_peak_bytes_tracemalloc": 418482718,
  "index_serialized_bytes": 106286718,
  "index_packed_array_bytes": 34346365,
  "vocab_terms": 392806,
  "postings": 3462657,
  "search_avg_ms": 0.3781922347843647,
  "search_median_ms": 0.1204758882522583,
  "search_p95_ms": 1.3982001692056656,
  "search_min_ms": 0.008571892976760864,
  "search_max_ms": 2.9504522681236267,
  "qps": 2644.1579388063687,
  "avg_hits": 9.23
}
