{
  "timestamp_utc": "2026-06-30T13:16:59.669777+00:00",
  "engine": "zerosearch",
  "docs": 10000,
  "queries": 100,
  "total_text_chars": 65849295,
  "build_seconds": 8.531192492693663,
  "build_current_bytes_tracemalloc": 86301950,
  "build_peak_bytes_tracemalloc": 389216551,
  "index_serialized_bytes": 106286718,
  "index_packed_array_bytes": 34346365,
  "vocab_terms": 392806,
  "postings": 3462657,
  "search_avg_ms": 0.345191303640604,
  "search_median_ms": 0.11586491018533707,
  "search_p95_ms": 1.467149704694748,
  "search_min_ms": 0.008599832653999329,
  "search_max_ms": 2.395331859588623,
  "qps": 2896.944359412803,
  "avg_hits": 9.23
}
