{
  "timestamp_utc": "2026-06-24T21:13:32.380070+00:00",
  "engine": "zerosearch",
  "docs": 1000,
  "queries": 100,
  "total_text_chars": 9439064,
  "build_seconds": 4.378918901085854,
  "build_current_bytes_tracemalloc": 17631819,
  "build_peak_bytes_tracemalloc": 66189584,
  "index_serialized_bytes": 15448793,
  "index_packed_array_bytes": 4778328,
  "vocab_terms": 95450,
  "postings": 445636,
  "search_avg_ms": 0.05908707156777382,
  "search_median_ms": 0.03528129309415817,
  "search_p95_ms": 0.19644387066364288,
  "search_min_ms": 0.002868473529815674,
  "search_max_ms": 0.24362467229366302,
  "qps": 16924.176024749915,
  "avg_hits": 8.89
}
