{
  "timestamp_utc": "2026-06-30T13:18:22.565132+00:00",
  "engine": "zerosearch",
  "docs": 10000,
  "queries": 100000,
  "total_text_chars": 65849295,
  "build_seconds": 8.793214064091444,
  "build_current_bytes_tracemalloc": 86302608,
  "build_peak_bytes_tracemalloc": 389216927,
  "index_serialized_bytes": 106286718,
  "index_packed_array_bytes": 34346365,
  "vocab_terms": 392806,
  "postings": 3462657,
  "search_avg_ms": 0.33738793833181263,
  "search_median_ms": 0.08991174399852753,
  "search_p95_ms": 1.5783235430717468,
  "search_min_ms": 0.0019725412130355835,
  "search_max_ms": 6.553912535309792,
  "qps": 2963.947095869577,
  "avg_hits": 9.27234
}
