{
  "timestamp_utc": "2026-06-24T21:13:17.163922+00:00",
  "engine": "zerosearch",
  "docs": 10000,
  "queries": 100000,
  "total_text_chars": 65849295,
  "build_seconds": 27.682128559798002,
  "build_current_bytes_tracemalloc": 87872749,
  "build_peak_bytes_tracemalloc": 418460644,
  "index_serialized_bytes": 106286718,
  "index_packed_array_bytes": 34346365,
  "vocab_terms": 392806,
  "postings": 3462657,
  "search_avg_ms": 0.32541543550789354,
  "search_median_ms": 0.08879601955413818,
  "search_p95_ms": 1.4829318970441818,
  "search_min_ms": 0.0020191073417663574,
  "search_max_ms": 9.265469387173653,
  "qps": 3072.994980828877,
  "avg_hits": 9.27234
}
